"Entered Correct Password","03-06-2025 00:36:14"
"Created Delete Category","03-06-2025 00:36:18"
"Created New Category","03-06-2025 00:36:24"
"Deleted Entry","03-06-2025 00:36:32"
"Created New Entry","03-06-2025 00:36:41"
"Added category to Entry","03-06-2025 00:36:49"
"Remove Category from Entry","03-06-2025 00:36:53"
"Entered Correct Password","03-06-2025 00:48:05"
"Entered Correct Password","03-06-2025 00:48:17"
"Entered Correct Password","03-06-2025 00:49:25"
"Entered Correct Password","03-06-2025 00:50:05"
"Entered Correct Password","03-06-2025 00:50:11"
"Entered Correct Password","03-06-2025 00:50:15"
"Entered Correct Password","03-06-2025 00:50:29"
"Entered Correct Password","03-06-2025 00:50:38"
"Entered Correct Password","03-06-2025 00:50:55"
"Entered Correct Password","03-06-2025 00:51:11"
"Created Vault","03-06-2025 00:51:59"
"Entered Correct Password","03-06-2025 00:52:04"
"Closed The Password Manager","03-06-2025 00:52:08"
"Entered Correct Password","03-06-2025 00:52:11"
"Created New Entry","03-06-2025 00:52:24"
"Closed The Password Manager","03-06-2025 00:52:32"
"Entered Correct Password","03-06-2025 00:52:35"
"Closed The Password Manager","03-06-2025 00:53:33"
"Entered Correct Password","03-06-2025 00:53:36"
"Created a New Category","03-06-2025 00:53:41"
"Closed The Password Manager","03-06-2025 00:53:57"
"Entered Correct Password","03-06-2025 00:54:12"
"Entered Correct Password","03-06-2025 00:54:35"
"Created Delete Category","03-06-2025 00:54:39"
"Closed The Password Manager","03-06-2025 00:54:49"
"Entered Correct Password","03-06-2025 00:55:01"
"Created a New Category","03-06-2025 00:55:05"
"Closed The Password Manager","03-06-2025 00:55:15"
